{"guid":"456","unit":{"guid":"world","level":1,"name":"Philips","color":null,"subunits":[{"guid":"europe","level":2,"name":"Europe","color":null,"subunits":[{"guid":"dach","level":3,"name":"DACH","color":"#d5eff0","subunits":[{"guid":"de","level":4,"name":"Germany","color":null,"subunits":null},{"guid":"at","level":4,"name":"Austria","color":null,"subunits":null},{"guid":"ch","level":4,"name":"Switzerland","color":null,"subunits":null}]},{"guid":"benelux","level":3,"name":"Benelux","color":"#abdee1","subunits":[{"guid":"nl","level":4,"name":"Netherlands","color":null,"subunits":null},{"guid":"be","level":4,"name":"Belgium","color":null,"subunits":null},{"guid":"lu","level":4,"name":"Luxembourg","color":null,"subunits":null}]},{"guid":"uk_ireland","level":3,"name":"United Kingdom and Ireland","color":"#80ced3","subunits":[{"guid":"gg","level":4,"name":"Guernsey (UK)","color":null,"subunits":null},{"guid":"ie","level":4,"name":"Ireland","color":null,"subunits":null},{"guid":"im","level":4,"name":"Isle of Man (UK)","color":null,"subunits":null},{"guid":"je","level":4,"name":"Jersey (UK)","color":null,"subunits":null},{"guid":"gb","level":4,"name":"United Kingdom","color":null,"subunits":null}]},{"guid":"iberia","level":3,"name":"Iberia","color":"#abdee1","subunits":[{"guid":"ad","level":4,"name":"Andorra","color":null,"subunits":null},{"guid":"gi","level":4,"name":"Gibraltar (UK)","color":null,"subunits":null},{"guid":"pt","level":4,"name":"Portugal","color":null,"subunits":null},{"guid":"es","level":4,"name":"Spain","color":null,"subunits":null}]},{"guid":"france","level":3,"name":"France","color":"#56bdc4","subunits":[{"guid":"fr","level":4,"name":"France","color":null,"subunits":null}]},{"guid":"nordics","level":3,"name":"Nordics","color":"#abdee1","subunits":[{"guid":"is","level":4,"name":"Iceland","color":null,"subunits":null},{"guid":"ax","level":4,"name":"Åland Islands (Finland)","color":null,"subunits":null},{"guid":"dk","level":4,"name":"Denmark","color":null,"subunits":null},{"guid":"fo","level":4,"name":"Faroe Islands (Denmark)","color":null,"subunits":null},{"guid":"fi","level":4,"name":"Finland","color":null,"subunits":null},{"guid":"gl","level":4,"name":"Greenland (Denmark)","color":null,"subunits":null},{"guid":"is","level":4,"name":"Iceland","color":null,"subunits":null},{"guid":"no","level":4,"name":"Norway","color":null,"subunits":null},{"guid":"sj","level":4,"name":"Svalbard and Jan Mayen (Norway)","color":null,"subunits":null},{"guid":"se","level":4,"name":"Sweden","color":null,"subunits":null}]},{"guid":"italy_israel_greece","level":3,"name":"Italy, Israel and Greece","color":"#80ced3","subunits":[{"guid":"gr","level":4,"name":"Greece","color":null,"subunits":null},{"guid":"il","level":4,"name":"Israel","color":null,"subunits":null},{"guid":"it","level":4,"name":"Italy","color":null,"subunits":null},{"guid":"mt","level":4,"name":"Malta","color":null,"subunits":null},{"guid":"sm","level":4,"name":"San Marino","color":null,"subunits":null},{"guid":"va","level":4,"name":"Vatican City","color":null,"subunits":null}]},{"guid":"russia_central-asia","level":3,"name":"Russia and Central Asia","color":"#8737b0","subunits":[{"guid":"by","level":4,"name":"Belarus","color":null,"subunits":null},{"guid":"kz","level":4,"name":"Kazakhstan","color":null,"subunits":null},{"guid":"kg","level":4,"name":"Kyrgyzstan","color":null,"subunits":null},{"guid":"ru","level":4,"name":"Russia","color":null,"subunits":null},{"guid":"tj","level":4,"name":"Tajikistan","color":null,"subunits":null},{"guid":"tm","level":4,"name":"Turkmenistan","color":null,"subunits":null},{"guid":"ua","level":4,"name":"Ukraine","color":null,"subunits":null},{"guid":"uz","level":4,"name":"Uzbekistan","color":null,"subunits":null}]},{"guid":"central-east_europe","level":3,"name":"Central & East Europe","color":"#80ced3","subunits":[{"guid":"al","level":4,"name":"Albania","color":null,"subunits":null},{"guid":"ba","level":4,"name":"Bosnia and Herzegovina","color":null,"subunits":null},{"guid":"bg","level":4,"name":"Bulgaria","color":null,"subunits":null},{"guid":"hr","level":4,"name":"Croatia","color":null,"subunits":null},{"guid":"cz","level":4,"name":"Czech Republic","color":null,"subunits":null},{"guid":"ee","level":4,"name":"Estonia","color":null,"subunits":null},{"guid":"ge","level":4,"name":"Georgia","color":null,"subunits":null},{"guid":"hu","level":4,"name":"Hungary","color":null,"subunits":null},{"guid":"lv","level":4,"name":"Latvia","color":null,"subunits":null},{"guid":"lt","level":4,"name":"Lithuania","color":null,"subunits":null},{"guid":"mk","level":4,"name":"Macedonia","color":null,"subunits":null},{"guid":"md","level":4,"name":"Moldova","color":null,"subunits":null},{"guid":"me","level":4,"name":"Montenegro","color":null,"subunits":null},{"guid":"pl","level":4,"name":"Poland","color":null,"subunits":null},{"guid":"ro","level":4,"name":"Romania","color":null,"subunits":null},{"guid":"rs","level":4,"name":"Serbia","color":null,"subunits":null},{"guid":"sk","level":4,"name":"Slovakia","color":null,"subunits":null},{"guid":"si","level":4,"name":"Slovenia","color":null,"subunits":null}]},{"guid":"africa","level":3,"name":"Africa","color":"#56bdc4","subunits":[{"guid":"dz","level":4,"name":"Algeria","color":null,"subunits":null},{"guid":"ao","level":4,"name":"Angola","color":null,"subunits":null},{"guid":"bj","level":4,"name":"Benin","color":null,"subunits":null},{"guid":"bw","level":4,"name":"Botswana","color":null,"subunits":null},{"guid":"bf","level":4,"name":"Burkina Faso","color":null,"subunits":null},{"guid":"bi","level":4,"name":"Burundi","color":null,"subunits":null},{"guid":"cm","level":4,"name":"Cameroon","color":null,"subunits":null},{"guid":"cv","level":4,"name":"Cape Verde","color":null,"subunits":null},{"guid":"cf","level":4,"name":"Central African Republic","color":null,"subunits":null},{"guid":"td","level":4,"name":"Chad","color":null,"subunits":null},{"guid":"km","level":4,"name":"Comoros","color":null,"subunits":null},{"guid":"cd","level":4,"name":"Democratic Republic of the Congo","color":null,"subunits":null},{"guid":"dj","level":4,"name":"Djibouti","color":null,"subunits":null},{"guid":"eg","level":4,"name":"Egypt","color":null,"subunits":null},{"guid":"gq","level":4,"name":"Equatorial Guinea","color":null,"subunits":null},{"guid":"er","level":4,"name":"Eritrea","color":null,"subunits":null},{"guid":"et","level":4,"name":"Ethiopia","color":null,"subunits":null},{"guid":"ga","level":4,"name":"Gabon","color":null,"subunits":null},{"guid":"gm","level":4,"name":"Gambia","color":null,"subunits":null},{"guid":"gh","level":4,"name":"Ghana","color":null,"subunits":null},{"guid":"gn","level":4,"name":"Guinea","color":null,"subunits":null},{"guid":"gw","level":4,"name":"Guinea-Bissau","color":null,"subunits":null},{"guid":"ci","level":4,"name":"Ivory Coast","color":null,"subunits":null},{"guid":"ke","level":4,"name":"Kenya","color":null,"subunits":null},{"guid":"ls","level":4,"name":"Lesotho","color":null,"subunits":null},{"guid":"lr","level":4,"name":"Liberia","color":null,"subunits":null},{"guid":"ly","level":4,"name":"Libya","color":null,"subunits":null},{"guid":"mg","level":4,"name":"Madagascar","color":null,"subunits":null},{"guid":"mw","level":4,"name":"Malawi","color":null,"subunits":null},{"guid":"ml","level":4,"name":"Mali","color":null,"subunits":null},{"guid":"mr","level":4,"name":"Mauritania","color":null,"subunits":null},{"guid":"mu","level":4,"name":"Mauritius","color":null,"subunits":null},{"guid":"yt","level":4,"name":"Mayotte (France)","color":null,"subunits":null},{"guid":"ma","level":4,"name":"Morocco","color":null,"subunits":null},{"guid":"mz","level":4,"name":"Mozambique","color":null,"subunits":null},{"guid":"na","level":4,"name":"Namibia","color":null,"subunits":null},{"guid":"ne","level":4,"name":"Niger","color":null,"subunits":null},{"guid":"ng","level":4,"name":"Nigeria","color":null,"subunits":null},{"guid":"cg","level":4,"name":"Republic of the Congo","color":null,"subunits":null},{"guid":"re","level":4,"name":"Réunion (France)","color":null,"subunits":null},{"guid":"rw","level":4,"name":"Rwanda","color":null,"subunits":null},{"guid":"sh","level":4,"name":"Saint Helena, Ascension and Tristan da Cunha (UK)","color":null,"subunits":null},{"guid":"st","level":4,"name":"São Tomé and Príncipe","color":null,"subunits":null},{"guid":"sn","level":4,"name":"Senegal","color":null,"subunits":null},{"guid":"sc","level":4,"name":"Seychelles","color":null,"subunits":null},{"guid":"sl","level":4,"name":"Sierra Leone","color":null,"subunits":null},{"guid":"so","level":4,"name":"Somalia","color":null,"subunits":null},{"guid":"za","level":4,"name":"South Africa","color":null,"subunits":null},{"guid":"ss","level":4,"name":"South Sudan","color":null,"subunits":null},{"guid":"sd","level":4,"name":"Sudan","color":null,"subunits":null},{"guid":"sz","level":4,"name":"Swaziland","color":null,"subunits":null},{"guid":"tz","level":4,"name":"Tanzania","color":null,"subunits":null},{"guid":"tg","level":4,"name":"Togo","color":null,"subunits":null},{"guid":"tn","level":4,"name":"Tunisia","color":null,"subunits":null},{"guid":"ug","level":4,"name":"Uganda","color":null,"subunits":null},{"guid":"eh","level":4,"name":"Western Sahara (Morocco)","color":null,"subunits":null},{"guid":"zm","level":4,"name":"Zambia","color":null,"subunits":null},{"guid":"zw","level":4,"name":"Zimbabwe","color":null,"subunits":null},{"guid":"_3","level":4,"name":"Somaliland","color":null,"subunits":null},{"guid":"_2","level":4,"name":"Western Sahara","color":null,"subunits":null}]}]},{"guid":"asia","level":2,"name":"Asia","color":null,"subunits":[{"guid":"greater_china","level":3,"name":"Greater China","color":"#a569c4","subunits":[{"guid":"cn","level":4,"name":"China","color":null,"subunits":null},{"guid":"hk","level":4,"name":"Hong Kong (China)","color":null,"subunits":null},{"guid":"mo","level":4,"name":"Macau (China)","color":null,"subunits":null},{"guid":"tw","level":4,"name":"Taiwan","color":null,"subunits":null}]},{"guid":"japan","level":3,"name":"Japan","color":"#a569c4","subunits":[{"guid":"jp","level":4,"name":"Japan","color":null,"subunits":null}]},{"guid":"middle-east_turkey","level":3,"name":"Middle East and Turkey","color":"#abdee1","subunits":[{"guid":"af","level":4,"name":"Afghanistan","color":null,"subunits":null},{"guid":"bh","level":4,"name":"Bahrain","color":null,"subunits":null},{"guid":"cy","level":4,"name":"Cyprus","color":null,"subunits":null},{"guid":"ir","level":4,"name":"Iran","color":null,"subunits":null},{"guid":"iq","level":4,"name":"Iraq","color":null,"subunits":null},{"guid":"jo","level":4,"name":"Jordan","color":null,"subunits":null},{"guid":"kw","level":4,"name":"Kuwait","color":null,"subunits":null},{"guid":"lb","level":4,"name":"Lebanon","color":null,"subunits":null},{"guid":"om","level":4,"name":"Oman","color":null,"subunits":null},{"guid":"ps","level":4,"name":"Palestinian territories","color":null,"subunits":null},{"guid":"qa","level":4,"name":"Qatar","color":null,"subunits":null},{"guid":"sa","level":4,"name":"Saudi Arabia","color":null,"subunits":null},{"guid":"sy","level":4,"name":"Syria","color":null,"subunits":null},{"guid":"tr","level":4,"name":"Turkey","color":null,"subunits":null},{"guid":"ae","level":4,"name":"United Arab Emirates","color":null,"subunits":null},{"guid":"ye","level":4,"name":"Yemen","color":null,"subunits":null}]},{"guid":"indian_subcontinent","level":3,"name":"Indian Subcontinent","color":"#c39bd7","subunits":[{"guid":"bd","level":4,"name":"Bangladesh","color":null,"subunits":null},{"guid":"bt","level":4,"name":"Bhutan","color":null,"subunits":null},{"guid":"in","level":4,"name":"India","color":null,"subunits":null},{"guid":"mv","level":4,"name":"Maldives","color":null,"subunits":null},{"guid":"np","level":4,"name":"Nepal","color":null,"subunits":null},{"guid":"lk","level":4,"name":"Sri Lanka","color":null,"subunits":null}]},{"guid":"asean","level":3,"name":"ASEAN & Pacific","color":"#e1cdeb","subunits":[{"guid":"as","level":4,"name":"American Samoa (USA)","color":null,"subunits":null},{"guid":"am","level":4,"name":"Armenia","color":null,"subunits":null},{"guid":"au","level":4,"name":"Australia","color":null,"subunits":null},{"guid":"az","level":4,"name":"Azerbaijan","color":null,"subunits":null},{"guid":"bn","level":4,"name":"Brunei","color":null,"subunits":null},{"guid":"kh","level":4,"name":"Cambodia","color":null,"subunits":null},{"guid":"cx","level":4,"name":"Christmas Island (Australia)","color":null,"subunits":null},{"guid":"cc","level":4,"name":"Cocos (Keeling) Islands (Australia)","color":null,"subunits":null},{"guid":"ck","level":4,"name":"Cook Islands (NZ)","color":null,"subunits":null},{"guid":"fm","level":4,"name":"Federated States of Micronesia","color":null,"subunits":null},{"guid":"fj","level":4,"name":"Fiji","color":null,"subunits":null},{"guid":"pf","level":4,"name":"French Polynesia (France)","color":null,"subunits":null},{"guid":"id","level":4,"name":"Indonesia","color":null,"subunits":null},{"guid":"ki","level":4,"name":"Kiribati","color":null,"subunits":null},{"guid":"la","level":4,"name":"Laos","color":null,"subunits":null},{"guid":"my","level":4,"name":"Malaysia","color":null,"subunits":null},{"guid":"mh","level":4,"name":"Marshall Islands","color":null,"subunits":null},{"guid":"mn","level":4,"name":"Mongolia","color":null,"subunits":null},{"guid":"mm","level":4,"name":"Myanmar","color":null,"subunits":null},{"guid":"nr","level":4,"name":"Nauru","color":null,"subunits":null},{"guid":"nc","level":4,"name":"New Caledonia (France)","color":null,"subunits":null},{"guid":"nz","level":4,"name":"New Zealand","color":null,"subunits":null},{"guid":"nu","level":4,"name":"Niue (NZ)","color":null,"subunits":null},{"guid":"nf","level":4,"name":"Norfolk Island (Australia)","color":null,"subunits":null},{"guid":"mp","level":4,"name":"Northern Mariana Islands (USA)","color":null,"subunits":null},{"guid":"pk","level":4,"name":"Pakistan","color":null,"subunits":null},{"guid":"pw","level":4,"name":"Palau","color":null,"subunits":null},{"guid":"pg","level":4,"name":"Papua New Guinea","color":null,"subunits":null},{"guid":"ph","level":4,"name":"Philippines","color":null,"subunits":null},{"guid":"pn","level":4,"name":"Pitcairn Islands (UK)","color":null,"subunits":null},{"guid":"ws","level":4,"name":"Samoa","color":null,"subunits":null},{"guid":"sg","level":4,"name":"Singapore","color":null,"subunits":null},{"guid":"sb","level":4,"name":"Solomon Islands","color":null,"subunits":null},{"guid":"kr","level":4,"name":"South Korea","color":null,"subunits":null},{"guid":"th","level":4,"name":"Thailand","color":null,"subunits":null},{"guid":"tl","level":4,"name":"Timor-Leste","color":null,"subunits":null},{"guid":"tk","level":4,"name":"Tokelau (NZ)","color":null,"subunits":null},{"guid":"to","level":4,"name":"Tonga","color":null,"subunits":null},{"guid":"tv","level":4,"name":"Tuvalu","color":null,"subunits":null},{"guid":"vu","level":4,"name":"Vanuatu","color":null,"subunits":null},{"guid":"vn","level":4,"name":"Vietnam","color":null,"subunits":null},{"guid":"wf","level":4,"name":"Wallis and Futuna (France)","color":null,"subunits":null}]}]},{"guid":"north_america_region","level":2,"name":"North America","color":"#3d7fdf","subunits":[{"guid":"north_america_bmc","level":3,"name":"North America","color":"#3d7fdf","subunits":[{"guid":"us","level":4,"name":"United States of America","color":null,"subunits":null},{"guid":"ca","level":4,"name":"Canada","color":null,"subunits":null}]}]},{"guid":"south_america","level":2,"name":"South America","color":null,"subunits":[{"guid":"latin america","level":3,"name":"Latin America","color":"#98c833","subunits":[{"guid":"mx","level":4,"name":"Mexico","color":null,"subunits":null},{"guid":"ai","level":4,"name":"Anguilla (UK)","color":null,"subunits":null},{"guid":"ag","level":4,"name":"Antigua and Barbuda","color":null,"subunits":null},{"guid":"ar","level":4,"name":"Argentina","color":null,"subunits":null},{"guid":"aw","level":4,"name":"Aruba (Netherlands)","color":null,"subunits":null},{"guid":"bs","level":4,"name":"Bahamas","color":null,"subunits":null},{"guid":"bb","level":4,"name":"Barbados","color":null,"subunits":null},{"guid":"bz","level":4,"name":"Belize","color":null,"subunits":null},{"guid":"bm","level":4,"name":"Bermuda (UK)","color":null,"subunits":null},{"guid":"bo","level":4,"name":"Bolivia","color":null,"subunits":null},{"guid":"br","level":4,"name":"Brazil","color":null,"subunits":null},{"guid":"vg","level":4,"name":"British Virgin Islands (UK)","color":null,"subunits":null},{"guid":"bq","level":4,"name":"Caribbean Netherlands (Netherlands)","color":null,"subunits":null},{"guid":" ky","level":4,"name":"Cayman Islands (UK)","color":null,"subunits":null},{"guid":"cl","level":4,"name":"Chile","color":null,"subunits":null},{"guid":"co","level":4,"name":"Colombia","color":null,"subunits":null},{"guid":"cr","level":4,"name":"Costa Rica","color":null,"subunits":null},{"guid":"cu","level":4,"name":"Cuba","color":null,"subunits":null},{"guid":"cw","level":4,"name":"Curaçao (Netherlands)","color":null,"subunits":null},{"guid":"dm","level":4,"name":"Dominica","color":null,"subunits":null},{"guid":"do","level":4,"name":"Dominican Republic","color":null,"subunits":null},{"guid":"ec","level":4,"name":"Ecuador","color":null,"subunits":null},{"guid":"sv","level":4,"name":"El Salvador","color":null,"subunits":null},{"guid":"fk","level":4,"name":"Falkland Islands (UK)","color":null,"subunits":null},{"guid":"gf","level":4,"name":"French Guiana (France)","color":null,"subunits":null},{"guid":"gd","level":4,"name":"Grenada","color":null,"subunits":null},{"guid":"gp","level":4,"name":"Guadeloupe (France)","color":null,"subunits":null},{"guid":"gt","level":4,"name":"Guatemala","color":null,"subunits":null},{"guid":"gy","level":4,"name":"Guyana","color":null,"subunits":null},{"guid":"ht","level":4,"name":"Haiti","color":null,"subunits":null},{"guid":"hn","level":4,"name":"Honduras","color":null,"subunits":null},{"guid":"jm","level":4,"name":"Jamaica","color":null,"subunits":null},{"guid":"mq","level":4,"name":"Martinique (France)","color":null,"subunits":null},{"guid":"ms","level":4,"name":"Montserrat (UK)","color":null,"subunits":null},{"guid":"ni","level":4,"name":"Nicaragua","color":null,"subunits":null},{"guid":"pa","level":4,"name":"Panama","color":null,"subunits":null},{"guid":"py","level":4,"name":"Paraguay","color":null,"subunits":null},{"guid":"pe","level":4,"name":"Peru","color":null,"subunits":null},{"guid":"pr","level":4,"name":"Puerto Rico (USA)","color":null,"subunits":null},{"guid":"bl","level":4,"name":"Saint Barthélemy (France)","color":null,"subunits":null},{"guid":"kn","level":4,"name":"Saint Kitts and Nevis","color":null,"subunits":null},{"guid":"lc","level":4,"name":"Saint Lucia","color":null,"subunits":null},{"guid":"mf","level":4,"name":"Saint Martin (France)","color":null,"subunits":null},{"guid":"vc","level":4,"name":"Saint Vincent and the Grenadines","color":null,"subunits":null},{"guid":"sx","level":4,"name":"Sint Maarten (Netherlands)","color":null,"subunits":null},{"guid":"sr","level":4,"name":"Suriname","color":null,"subunits":null},{"guid":"tt","level":4,"name":"Trinidad and Tobago","color":null,"subunits":null},{"guid":"tc","level":4,"name":"Turks and Caicos Islands (UK)","color":null,"subunits":null},{"guid":"vi","level":4,"name":"United States Virgin Islands (USA)","color":null,"subunits":null},{"guid":"uy","level":4,"name":"Uruguay","color":null,"subunits":null},{"guid":"ve","level":4,"name":"Venezuela","color":null,"subunits":null}]}]}]}}
